562	Achromobacter sp. ATCC 35328	includes
562	ATCC 11775	type material
562	"Bacillus coli" Migula 1895	authority
562	Bacillus coli	synonym
562	bacterium 10a	includes
562	"Bacterium coli commune" Escherich 1885	authority
562	Bacterium coli commune	synonym
562	"Bacterium coli" (Migula 1895) Lehmann and Neumann 1896	authority
562	Bacterium coli	synonym
562	bacterium E3	includes
562	CCUG 24	type material
562	CCUG 29300	type material
562	CIP 54.8	type material
562	DSM 30083	type material
562	E. coli	common name
562	Enterococcus coli	synonym
562	Escherichia coli (Migula 1895) Castellani and Chalmers 1919	authority
562	Escherichia coli	scientific name
562	Escherichia/Shigella coli	equivalent name
562	Escherichia sp. 3_2_53FAA	includes
562	Escherichia sp. MAR	includes
562	IAM 12119	type material
562	JCM 1649	type material
562	LMG 2092	type material
562	LMG:2092	type material
562	NBRC 102203	type material
562	NCCB 54008	type material
562	NCTC 9001	type material
562	strain U5/41	type material
3702	Arabidopsis thaliana (L.) Heynh., 1842	authority
3702	Arabidopsis thaliana	scientific name
3702	Arabis thaliana L., 1753	authority
3702	Arabis thaliana	synonym
3702	mouse-ear cress	common name
3702	thale-cress	common name
3702	thale cress	genbank common name
3708	Brassica napus L., 1753	authority
3708	Brassica napus	scientific name
3708	oilseed rape	common name
3708	rape	genbank common name
3708	rapeseeds	common name
3711	Brassica rapa L., 1753	authority
3711	Brassica rapa	scientific name
3711	field mustard	genbank common name
3712	Brassica oleracea L., 1753	authority
3712	Brassica oleracea	scientific name
3712	wild cabbage	genbank common name
3847	Glycine max (L.) Merr., 1917	authority
3847	Glycine max	scientific name
3847	Phaseolus max L., 1753	authority
3847	Phaseolus max	synonym
3847	soybean	genbank common name
3847	soybeans	common name
3880	barrel medic	genbank common name
3880	Medicago truncatula Gaertn., 1790	authority
3880	Medicago truncatula	scientific name
4081	Lycopersicon esculentum Mill.	authority
4081	Lycopersicon esculentum	synonym
4081	Lycopersicon esculentum var. esculentum	synonym
4081	Solanum esculentum Dunal	authority
4081	Solanum esculentum	synonym
4081	Solanum lycopersicum L., 1753	authority
4081	Solanum lycopersicum	scientific name
4081	Solanum lycopersicum var. humboldtii	synonym
4081	tomato	genbank common name
4113	potatoes	common name
4113	potato	genbank common name
4113	Solanum tuberosum L., 1753	authority
4113	Solanum tuberosum	scientific name
4113	Solanum tuberosum subsp. tuberosum	includes
4513	barley	common name
4513	Hordeum vulgare L., 1753	authority
4513	Hordeum vulgare	scientific name
4530	Asian cultivated rice	genbank common name
4530	Oryza sativa L., 1753	authority
4530	Oryza sativa	scientific name
4530	red rice	common name
4530	rice	common name
4558	Andropogon sorghum (L.) Brot.	authority
4558	Andropogon sorghum	synonym
4558	broomcorn	common name
4558	milo	common name
4558	Sorghum bicolor (L.) Moench, 1794	authority
4558	Sorghum bicolor	scientific name
4558	Sorghum bicolor subsp. bicolor	synonym
4558	sorghum	genbank common name
4558	Sorghum nervosum Besser ex Schult.	authority
4558	Sorghum nervosum	synonym
4558	Sorghum saccharatum (L.) Moench	authority
4558	Sorghum saccharatum	synonym
4558	Sorghum vulgare Pers.	authority
4558	Sorghum vulgare	synonym
4565	bread wheat	genbank common name
4565	Canadian hard winter wheat	common name
4565	common wheat	common name
4565	Triticum aestivum L., 1753	authority
4565	Triticum aestivum	scientific name
4565	Triticum aestivum subsp. aestivum	synonym
4565	Triticum vulgare	synonym
4565	Triticum vulgare Vill., 1787	authority
4565	wheat	common name
4567	durum wheat	genbank common name
4567	Triticum durum Desf.	authority
4567	Triticum durum ssp. durum	synonym
4567	Triticum durum subsp. durum	synonym
4567	Triticum durum	synonym
4567	Triticum rigidum conv. durum	synonym
4567	Triticum rigidum ssp. durum	synonym
4567	Triticum rigidum var. durum	synonym
4567	Triticum turgidum Durum Group	synonym
4567	Triticum turgidum subsp. durum (Desf.) Husn., 1899	authority
4567	Triticum turgidum subsp. durum	scientific name
4571	cone wheat	common name
4571	English wheat	common name
4571	poulard wheat	common name
4571	rivet wheat	common name
4571	Triticum aethiopicum Jakubz., 1947	authority
4571	Triticum aethiopicum	synonym
4571	Triticum durum subsp. abyssinicum	synonym
4571	Triticum durum subsp. abyssinicum Vavilov, 1931	authority
4571	Triticum turgidum L., 1753	authority
4571	Triticum turgidum	scientific name
4577	maize	common name
4577	Zea mays L., 1753	authority
4577	Zea mays	scientific name
4577	Zea mays var. japonica	synonym
4932	ATCC 18824	type material
4932	baker's yeast	common name
4932	brewer's yeast	genbank common name
4932	Candida robusta	synonym
4932	CBS 1171	type material
4932	Mycoderma cerevisiae Desm., 1827	authority
4932	Mycoderma cerevisiae	synonym
4932	NRRL Y-12632	type material
4932	Saccharomyces capensis	synonym
4932	Saccharomyces cerevisiae (Desm.) Meyen, 1838	authority
4932	Saccharomyces cerevisiae	scientific name
4932	Saccharomyces cerevisiae 'var. diastaticus'	equivalent name
4932	Saccharomyces diastaticus J. Andrews & R.B. Gilliland ex Van der Walt, 1965	authority
4932	Saccharomyces diastaticus	synonym
4932	Saccharomyces italicus	synonym
4932	Saccharomyces oviformis	synonym
4932	Saccharomyces uvarum var. melibiosus	synonym
4932	specimen-voucher:NRRL:Y:12632	type material
5833	malaria parasite P. falciparum	genbank common name
5833	Plasmodium falciparum	scientific name
5833	Plasmodium (Laverania) falciparum	synonym
6239	Caenorhabditis elegans (Maupas, 1900)	authority
6239	Caenorhabditis elegans	scientific name
6239	Rhabditis elegans Maupas, 1900	authority
6239	Rhabditis elegans	synonym
7227	Diptera sp. DNAS-2A9-224646	includes
7227	Drosophila melanogaster Meigen, 1830	authority
7227	Drosophila melanogaster	scientific name
7227	fruit fly	genbank common name
7227	Sophophora melanogaster (Meigen, 1830)	authority
7227	Sophophora melanogaster	synonym
7955	Brachydanio rerio frankei	synonym
7955	Brachydanio rerio	synonym
7955	Cyprinus rerio Hamilton, 1822	authority
7955	Cyprinus rerio	synonym
7955	Danio frankei	synonym
7955	Danio rerio frankei	synonym
7955	Danio rerio (Hamilton, 1822)	authority
7955	Danio rerio	scientific name
7955	leopard danio	common name
7955	zebra danio	common name
7955	zebrafish	genbank common name
7955	zebra fish	common name
7994	Astyanax mexicanus (De Filippi, 1853)	authority
7994	Astyanax mexicanus	scientific name
7994	blind cave fish	common name
7994	Mexican tetra	genbank common name
7994	Tetragonopterus mexicanus De Filippi, 1853	authority
7994	Tetragonopterus mexicanus	synonym
8030	Atlantic salmon	genbank common name
8030	Salmo salar Linnaeus, 1758	authority
8030	Salmo salar	scientific name
8090	Japanese medaka	genbank common name
8090	Japanese rice fish	common name
8090	medaka	common name
8090	Oryzias latipes	scientific name
8090	Oryzias latipes (Temminck & Schlegel, 1846)	authority
8090	Poecilia latipes	synonym
8090	Poecilia latipes Temminck & Schlegel, 1846	authority
8128	Nile tilapia	genbank common name
8128	Oreochromis nilotica	synonym
8128	Oreochromis niloticus (Linnaeus, 1758)	authority
8128	Oreochromis niloticus	scientific name
8128	Perca nilotica Linnaeus, 1758	authority
8128	Perca nilotica	synonym
8128	Tilapia nilotica	synonym
8364	Silurana tropicalis Gray, 1864	authority
8364	Silurana tropicalis	synonym
8364	tropical clawed frog	genbank common name
8364	western clawed frog	common name
8364	Xenopus laevis tropicalis	synonym
8364	Xenopus (Silurana) tropicalis	synonym
8364	Xenopus tropicalis (Gray, 1864)	authority
8364	Xenopus tropicalis	scientific name
9031	bantam	common name
9031	chicken	genbank common name
9031	chickens	common name
9031	dwarf Leghorn chickens	includes
9031	Gallus domesticus	equivalent name
9031	Gallus gallus domesticus	synonym
9031	Gallus gallus	scientific name
9031	Phasianus gallus Linnaeus, 1758	authority
9031	Phasianus gallus	synonym
9031	red junglefowl	includes
9413	greater false vampire bat	common name
9413	Indian false vampire	genbank common name
9413	Megaderma lyra Saint-Hilaire, 1810	authority
9413	Megaderma lyra	scientific name
9544	Cercopithecus mulatta	synonym
9544	Cercopithecus mulatta Zimmermann, 1780	authority
9544	Macaca mulatta	scientific name
9544	Macaca mulatta (Zimmermann, 1780)	authority
9544	rhesus macaque	common name
9544	rhesus macaques	common name
9544	Rhesus monkey	genbank common name
9544	rhesus monkeys	common name
9597	bonobo	common name
9597	Pan paniscus Schwarz, 1929	authority
9597	Pan paniscus	scientific name
9597	pygmy chimpanzee	genbank common name
9598	chimpanzee	genbank common name
9598	Pan troglodytes	scientific name
9598	Simia troglodytes Linnaeus, 1758	authority
9598	Simia troglodytes	synonym
9606	Homo sapiens Linnaeus, 1758	authority
9606	Homo sapiens	scientific name
9606	human	genbank common name
9612	Canis lupus Linnaeus, 1758	authority
9612	Canis lupus	scientific name
9612	gray wolf	genbank common name
9612	grey wolf	common name
9615	beagle dog	includes
9615	beagle dogs	includes
9615	Canis canis	synonym
9615	Canis domesticus	synonym
9615	Canis familiaris Linnaeus, 1758	authority
9615	Canis familiaris	synonym
9615	Canis lupus familiaris Linnaeus, 1758	authority
9615	Canis lupus familiaris	scientific name
9615	dog	genbank common name
9615	dogs	common name
9685	cat	common name
9685	cats	common name
9685	domestic cat	genbank common name
9685	Felis catus Linnaeus, 1758	authority
9685	Felis catus	scientific name
9685	Felis domesticus	synonym
9685	Felis silvestris catus	synonym
9685	Korat cats	includes
9685	Korat cats L.	authority
9796	domestic horse	common name
9796	equine	common name
9796	Equus caballus Linnaeus, 1758	authority
9796	Equus caballus	scientific name
9796	Equus przewalskii f. caballus	synonym
9796	Equus przewalskii forma caballus	synonym
9796	horse	genbank common name
9823	pig	genbank common name
9823	pigs	common name
9823	Sus scrofa Linnaeus, 1758	authority
9823	Sus scrofa	scientific name
9823	swine	common name
9823	wild boar	common name
9913	Bos bovis	synonym
9913	Bos primigenius taurus	synonym
9913	Bos taurus Linnaeus, 1758	authority
9913	Bos taurus	scientific name
9913	Bovidae sp. Adi Nefas	includes
9913	bovine	common name
9913	cattle	genbank common name
9913	cow	common name
9913	dairy cow	common name
9913	domestic cattle	common name
9913	domestic cow	common name
9913	ox	common name
9925	African dwarf goat	includes
9925	African dwarf goats	includes
9925	Capra aegagrus hircus	synonym
9925	Capra hircus Linnaeus, 1758	authority
9925	Capra hircus	scientific name
9925	domestic goat	common name
9925	goat	genbank common name
9925	goats	common name
9925	Naine d'Afrique de l'Ouest	includes
9940	domestic sheep	common name
9940	lambs	common name
9940	Ovis ammon aries	synonym
9940	Ovis aries Linnaeus, 1758	authority
9940	Ovis aries	scientific name
9940	Ovis orientalis aries	synonym
9940	Ovis ovis	synonym
9940	sheep	genbank common name
9940	wild sheep	common name
9986	domestic rabbit	common name
9986	European rabbit	common name
9986	Japanese white rabbit	common name
9986	Lepus cuniculus Linnaeus, 1758	authority
9986	Lepus cuniculus	synonym
9986	New Zealand rabbit	includes
9986	Oryctolagus cuniculus	scientific name
9986	rabbit	genbank common name
9986	rabbits	common name
10029	Chinese hamster	genbank common name
10029	Chinese hamsters	common name
10029	CHO cell lines	includes
10029	Cricetulus aureus	equivalent name
10029	Cricetulus barabensis griseus	synonym
10029	Cricetulus griseus Milne-Edwards, 1867	authority
10029	Cricetulus griseus	scientific name
10089	Mus caroli Bonhote, 1902	authority
10089	Mus caroli	scientific name
10089	Mus formosanus Kuroda, 1925	authority
10089	Mus formosanus	synonym
10089	ricefield mouse	common name
10089	Ryukyu mouse	genbank common name
10090	house mouse	genbank common name
10090	LK3 transgenic mice	includes
10090	mouse	common name
10090	Mus musculus Linnaeus, 1758	authority
10090	Mus musculus	scientific name
10090	Mus sp. 129SV	includes
10090	nude mice	includes
10090	transgenic mice	includes
10091	Mus castaneus	synonym
10091	Mus musculus castaneus	scientific name
10091	Mus musculus castaneus Waterhouse, 1843	authority
10091	southeastern Asian house mouse	genbank common name
10092	Mus domesticus	synonym
10092	Mus musculus domesticus Schwarz & Scharz 1943	authority
10092	Mus musculus domesticus	scientific name
10092	Mus musculus praetextus	synonym
10092	Mus praetextus	synonym
10092	western European house mouse	genbank common name
10093	Coelomys parahi	synonym
10093	Gairdner's shrew-mouse	common name
10093	Gairdner's shrewmouse	common name
10093	Mus pahari	scientific name
10093	Mus pahari Thomas, 1916	authority
10093	shrew mouse	genbank common name
10096	Algerian mouse	common name
10096	Mus musculus spretus	synonym
10096	Mus spretus Lataste, 1883	authority
10096	Mus spretus	scientific name
10096	western wild mouse	genbank common name
10116	brown rat	common name
10116	Buffalo rat	includes
10116	laboratory rat	includes
10116	Mus norvegicus Berkenhout, 1769	authority
10116	Mus norvegicus	synonym
10116	Norway rat	genbank common name
10116	rat	common name
10116	rats	common name
10116	Rattus norvegicus	scientific name
10116	Rattus PC12 clone IS	includes
10116	Rattus sp. strain Wistar	includes
10116	Sprague-Dawley rat	includes
10116	Wistar rats	includes
10116	zitter rats	includes
13616	Didelphys domestica	synonym
13616	Didelphys domestica Wagner, 1842	authority
13616	gray short-tailed opossum	genbank common name
13616	Monodelphis domestica	scientific name
29760	Vitis vinifera L., 1753	authority
29760	Vitis vinifera	scientific name
29760	Vitis vinifera subsp. vinifera	synonym
29760	wine grape	genbank common name
36329	Plasmodium falciparum 3D7	scientific name
36329	Plasmodium falciparum (isolate 3D7)	synonym
37682	Aegilops squarrosa subsp. squarrosa	synonym
37682	Aegilops squarrosa	synonym
37682	Aegilops tauschii Coss., 1849	authority
37682	Aegilops tauschii	scientific name
37682	Patropyrum tauschii (Coss.) A.Love	authority
37682	Patropyrum tauschii subsp. tauschii	synonym
37682	Patropyrum tauschii	synonym
37682	Triticum aegilops P.Beauv. ex Roem. & Schult.	authority
37682	Triticum aegilops	synonym
37682	Triticum tauschii (Coss.) Schmalh.	authority
37682	Triticum tauschii	synonym
39442	eastern European house mouse	genbank common name
39442	Mus musculus hortulanus	synonym
39442	Mus musculus musculus	scientific name
39946	Indian rice	common name
39946	Indica rice	common name
39946	long-grained rice	genbank common name
39946	Oryza sativa (indica cultivar-group)	synonym
39946	Oryza sativa Indica Group	scientific name
39946	Oryza sativa (indica group)	synonym
39946	Oryza sativa subsp. indica Kato	authority
39946	Oryza sativa subsp. indica	synonym
39946	Oryza sp. Poi-6	includes
39947	Japanese rice	genbank common name
39947	Japonica rice	common name
39947	Oryza sativa (japonica cultivar-group)	synonym
39947	Oryza sativa Japonica Group	scientific name
39947	Oryza sativa subsp. japonica	synonym
109376	Brassica oleracea subsp. oleracea	synonym
109376	Brassica oleracea var. oleracea	scientific name
112509	domesticated barley	genbank common name
112509	Hordeum sativum Jess.	authority
112509	Hordeum sativum	synonym
112509	Hordeum vulgare subsp. vulgare	scientific name
112509	Hordeum vulgare subsp. vulgare Spenn.	authority
112509	Hordeum vulgare var. nudum Spenn.	authority
112509	Hordeum vulgare var. nudum	synonym
112509	Hordeum vulgare var. vulgare	synonym
112509	two-rowed barley	common name
200361	Aegilops tauschii subsp. strangulata (Eig) Tzvelev, 1973	authority
200361	Aegilops tauschii subsp. strangulata	scientific name
511145	Escherichia coli MG1655	synonym
511145	Escherichia coli strain MG1655	equivalent name
511145	Escherichia coli str. K12 substr. MG1655	equivalent name
511145	Escherichia coli str. K-12 substr. MG1655	scientific name
511145	Escherichia coli str. MG1655	equivalent name
559292	Saccharomyces cerevisiae S288C	scientific name
1736656	Oryza sativa (javanica cultivar-group)	synonym
1736656	Oryza sativa tropical japonica cultivar-group	synonym
1736656	Oryza sativa tropical japonica group	synonym
1736656	Oryza sativa tropical japonica subgroup	scientific name
1736656	Oryza sativa var. javanica Koern.	authority
1736656	Oryza sativa var. javanica	synonym
1736658	Oryza sativa Aromatic Japonica Group	synonym
1736658	Oryza sativa aromatic subgroup	scientific name
1736658	Oryza sativa Group V	synonym
1736659	Oryza sativa aus cultivar-group	synonym
1736659	Oryza sativa aus group	synonym
1736659	Oryza sativa aus subgroup	scientific name
1736659	Oryza sativa aus	synonym
3711	3706	merged_taxon_id
37682	4482	merged_taxon_id
112509	4514	merged_taxon_id
4577	4578	merged_taxon_id
9940	9936	merged_taxon_id
9986	9985	merged_taxon_id
7955	27702	merged_taxon_id
9986	34833	merged_taxon_id
10116	36465	merged_taxon_id
9685	36475	merged_taxon_id
9544	36502	merged_taxon_id
3708	36503	merged_taxon_id
4513	36528	merged_taxon_id
7955	37966	merged_taxon_id
4565	39424	merged_taxon_id
37682	40669	merged_taxon_id
4932	41870	merged_taxon_id
9925	57076	merged_taxon_id
8128	61227	merged_taxon_id
37682	70688	merged_taxon_id
4571	77607	merged_taxon_id
10090	85055	merged_taxon_id
4113	90692	merged_taxon_id
10029	143285	merged_taxon_id
4081	195582	merged_taxon_id
10092	210727	merged_taxon_id
4565	235075	merged_taxon_id
9913	272461	merged_taxon_id
4530	389215	merged_taxon_id
562	469598	merged_taxon_id
562	662101	merged_taxon_id
562	662104	merged_taxon_id
562	1637691	merged_taxon_id
562	1806490	merged_taxon_id
7227	2267365	merged_taxon_id
